
-- --------------------------------------------------------

--
-- Structure de la table `coups`
--

CREATE TABLE IF NOT EXISTS `coups` (
  `idC` int(11) NOT NULL AUTO_INCREMENT,
  `idR` int(11) NOT NULL,
  `idQ` int(11) NOT NULL,
  `reponse` smallint(6) NOT NULL,
  PRIMARY KEY (`idC`)
) ENGINE=InnoDB  DEFAULT CHARSET=utf8 COLLATE=utf8_bin AUTO_INCREMENT=1005 ;

--
-- Contenu de la table `coups`
--

INSERT INTO `coups` (`idC`, `idR`, `idQ`, `reponse`) VALUES
(1, 1, 1, 1),
(2, 2, 1, 1),
(3, 2, 1, 1),
(4, 2, 1, -1),
(5, 2, 1, 0),
(6, 3, 1, -1),
(7, 4, 1, -1),
(8, 5, 1, -1),
(9, 6, 1, 1),
(10, 7, 1, 1),
(11, 8, 1, 1),
(12, 9, 1, 1),
(13, 10, 1, 1),
(14, 11, 1, 1),
(15, 12, 1, 1),
(16, 12, 1, 1),
(17, 12, 1, 1),
(18, 12, 1, -1),
(19, 12, 1, 0),
(20, 12, 1, 1),
(21, 13, 1, 1),
(22, 13, 1, 1),
(23, 13, 1, -1),
(24, 13, 1, 0),
(25, 14, 1, 1),
(26, 15, 1, 1),
(27, 16, 1, 1),
(28, 16, 1, 1),
(29, 16, 1, 1),
(30, 16, 1, 1),
(31, 17, 1, 1),
(32, 17, 1, 1),
(33, 17, 1, 1),
(34, 17, 1, 1),
(35, 17, 1, 1),
(36, 17, 1, 1),
(37, 18, 2, 1),
(38, 18, 1, -1),
(39, 18, 2, 1),
(40, 18, 1, -1),
(41, 18, 1, -1),
(42, 19, 2, 1),
(43, 19, 1, 1),
(44, 19, 1, 1),
(45, 19, 2, -1),
(46, 19, 2, 1),
(47, 19, 2, 1),
(48, 19, 1, -1),
(49, 20, 2, 1),
(50, 20, 3, -1),
(51, 20, 3, -1),
(52, 20, 2, 1),
(53, 21, 2, 1),
(54, 21, 3, -1),
(55, 21, 2, 1),
(56, 21, 3, 1),
(57, 21, 1, 1),
(58, 21, 3, 1),
(59, 21, 3, 1),
(60, 21, 1, 1),
(61, 22, 2, 0),
(62, 22, 2, 0),
(63, 22, 2, 1),
(64, 22, 3, 1),
(65, 23, 2, -1),
(66, 23, 2, -1),
(67, 23, 3, 1),
(68, 23, 3, 1),
(69, 23, 3, 1),
(70, 23, 2, -1),
(71, 24, 9, 1),
(72, 24, 5, 1),
(73, 24, 3, 1),
(74, 24, 4, -1),
(75, 24, 8, 1),
(76, 24, 4, -1),
(77, 24, 8, 1),
(78, 25, 9, -1),
(79, 25, 4, 0),
(80, 25, 9, 1),
(81, 25, 4, 1),
(82, 25, 3, 1),
(83, 26, 9, 1),
(84, 26, 5, 1),
(85, 26, 3, 1),
(86, 27, 9, -1),
(87, 27, 4, 0),
(88, 27, 9, -1),
(89, 27, 1, -1),
(90, 27, 1, 0),
(91, 27, 1, 0),
(92, 27, 1, 0),
(93, 27, 1, 0),
(94, 27, 1, 0),
(95, 27, 1, 0),
(96, 27, 1, 0),
(97, 27, 1, 0),
(98, 27, 1, 0),
(99, 28, 9, 1),
(100, 28, 3, 1),
(101, 28, 4, 1),
(102, 28, 5, -1),
(103, 28, 2, 0),
(104, 28, 2, 0),
(105, 28, 2, 0),
(106, 28, 1, 0),
(107, 28, 1, 1),
(108, 29, 9, 1),
(109, 29, 3, 1),
(110, 29, 4, 0),
(111, 29, 5, 1),
(112, 29, 4, -1),
(113, 29, 4, 0),
(114, 29, 4, 1),
(115, 30, 9, 0),
(116, 30, 9, -1),
(117, 30, 1, -1),
(118, 30, 1, 1),
(119, 30, 1, 0),
(120, 30, 1, -1),
(121, 31, 9, 1),
(122, 31, 3, 0),
(123, 31, 3, 1),
(124, 31, 4, 1),
(125, 31, 5, 1),
(126, 31, 4, 1),
(127, 31, 3, -1),
(128, 31, 1, -1),
(129, 31, 11, 1),
(130, 31, 1, -1),
(131, 31, 11, 1),
(132, 31, 1, -1),
(133, 31, 1, -1),
(134, 31, 2, -1),
(135, 32, 9, 1),
(136, 32, 3, 0),
(137, 32, 3, 1),
(138, 32, 4, 0),
(139, 33, 9, 1),
(140, 33, 1, -1),
(141, 33, 1, -1),
(142, 33, 11, 0),
(143, 33, 11, 0),
(144, 33, 11, 0),
(145, 33, 2, 1),
(146, 33, 3, -1),
(147, 33, 11, 0),
(148, 34, 9, 1),
(149, 34, 1, -1),
(150, 34, 1, -1),
(151, 34, 11, 1),
(152, 35, 9, 1),
(153, 35, 1, 1),
(154, 35, 3, -1),
(155, 36, 9, 1),
(156, 36, 1, -1),
(157, 36, 1, -1),
(158, 36, 11, 1),
(159, 36, 5, -1),
(160, 36, 2, 1),
(161, 36, 3, 1),
(162, 36, 4, 1),
(163, 36, 4, 1),
(164, 36, 4, 1),
(165, 36, 1, -1),
(166, 36, 4, 1),
(167, 36, 4, 1),
(168, 36, 1, -1),
(169, 36, 4, 1),
(170, 36, 2, 1),
(171, 36, 4, 1),
(172, 36, 2, 1),
(173, 36, 4, 0),
(174, 36, 4, 0),
(175, 36, 4, 0),
(176, 37, 9, 1),
(177, 37, 9, 1),
(178, 37, 9, 1),
(179, 37, 1, 1),
(180, 37, 10, 1),
(181, 37, 10, 1),
(182, 37, 1, 1),
(183, 37, 2, -1),
(184, 38, 9, 1),
(185, 38, 7, 1),
(186, 38, 7, 1),
(187, 38, 7, 1),
(188, 38, 7, 1),
(189, 38, 7, 1),
(190, 38, 7, 1),
(191, 38, 7, 1),
(192, 38, 7, 1),
(193, 39, 9, -1),
(194, 39, 7, 1),
(195, 39, 7, 1),
(196, 39, 12, 1),
(197, 40, 9, 0),
(198, 40, 7, 0),
(199, 40, 7, -1),
(200, 40, 7, -1),
(201, 40, 7, -1),
(202, 40, 7, -1),
(203, 40, 7, -1),
(204, 40, 7, -1),
(205, 40, 7, -1),
(206, 40, 7, -1),
(207, 40, 7, -1),
(208, 40, 7, -1),
(209, 40, 7, -1),
(210, 40, 7, -1),
(211, 41, 9, 0),
(212, 41, 7, 0),
(213, 41, 7, -1),
(214, 41, 7, -1),
(215, 41, 7, -1),
(216, 41, 7, -1),
(217, 41, 7, -1),
(218, 42, 9, -1),
(219, 42, 9, -1),
(220, 42, 9, -1),
(221, 42, 10, -1),
(222, 42, 10, -1),
(223, 42, 4, 1),
(224, 42, 2, -1),
(225, 42, 4, 1),
(226, 42, 2, -1),
(227, 42, 2, -1),
(228, 43, 9, 0),
(229, 43, 9, 0),
(230, 43, 9, 0),
(231, 43, 9, 0),
(232, 44, 9, 0),
(233, 44, 9, 0),
(234, 44, 10, -1),
(235, 44, 5, 0),
(236, 45, 9, 0),
(237, 45, 9, 0),
(238, 45, 10, -1),
(239, 45, 9, 0),
(240, 46, 9, 0),
(241, 46, 9, 0),
(242, 46, 10, -1),
(243, 47, 9, 0),
(244, 47, 9, 0),
(245, 48, 9, 0),
(246, 48, 9, 0),
(247, 49, 9, 0),
(248, 50, 9, 0),
(249, 51, 9, 0),
(250, 52, 9, -1),
(251, 52, 10, 1),
(252, 52, 9, -1),
(253, 52, 8, -1),
(254, 52, 6, -1),
(255, 52, 10, 1),
(256, 52, 5, -1),
(257, 52, 7, 1),
(258, 52, 7, 1),
(259, 53, 9, -1),
(260, 53, 10, 1),
(261, 54, 9, -1),
(262, 54, 10, 1),
(263, 55, 9, -1),
(264, 55, 1, -1),
(265, 55, 11, 0),
(266, 55, 11, 1),
(267, 55, 1, 0),
(268, 55, 1, 0),
(269, 55, 1, 0),
(270, 55, 1, 0),
(271, 55, 1, 0),
(272, 55, 1, 0),
(273, 55, 1, 0),
(274, 55, 1, 0),
(275, 55, 1, 0),
(276, 55, 1, 0),
(277, 55, 1, 0),
(278, 55, 1, 0),
(279, 55, 1, 0),
(280, 55, 1, 0),
(281, 55, 9, -1),
(282, 56, 9, -1),
(283, 56, 1, 0),
(284, 56, 1, 0),
(285, 57, 9, 0),
(286, 57, 1, 1),
(287, 57, 4, 1),
(288, 57, 3, 0),
(289, 58, 9, 1),
(290, 59, 9, 0),
(291, 60, 9, -1),
(292, 60, 1, 1),
(293, 60, 3, 1),
(294, 60, 4, -1),
(295, 60, 3, 1),
(296, 60, 4, -1),
(297, 60, 8, 1),
(298, 60, 8, 1),
(299, 60, 3, -1),
(300, 61, 9, 1),
(301, 61, 1, 1),
(302, 61, 4, -1),
(303, 61, 3, 1),
(304, 61, 8, 1),
(305, 61, 8, 1),
(306, 62, 9, -1),
(307, 63, 9, -1),
(308, 63, 1, 1),
(309, 63, 3, 1),
(310, 63, 4, 1),
(311, 64, 9, 1),
(312, 64, 4, 1),
(313, 64, 3, 1),
(314, 64, 1, 0),
(315, 64, 1, 0),
(316, 64, 11, 0),
(317, 64, 11, 0),
(318, 64, 11, 0),
(319, 64, 11, 0),
(320, 64, 11, 0),
(321, 65, 9, 1),
(322, 65, 4, 1),
(323, 65, 3, 1),
(324, 65, 11, 0),
(325, 65, 11, 0),
(326, 65, 11, 0),
(327, 66, 9, 1),
(328, 67, 9, 1),
(329, 67, 4, 1),
(330, 67, 3, 1),
(331, 67, 11, 0),
(332, 67, 11, 0),
(333, 68, 9, 1),
(334, 68, 11, 0),
(335, 68, 4, 1),
(336, 68, 4, 1),
(337, 68, 3, 1),
(338, 68, 3, 1),
(339, 68, 11, 0),
(340, 68, 11, 0),
(341, 69, 9, 1),
(342, 70, 9, 1),
(343, 71, 9, 1),
(344, 71, 4, 1),
(345, 72, 9, 1),
(346, 73, 9, 1),
(347, 74, 9, 1),
(348, 75, 9, 1),
(349, 76, 9, 1),
(350, 77, 9, 1),
(351, 78, 9, 1),
(352, 78, 4, 1),
(353, 78, 4, 1),
(354, 78, 8, 1),
(355, 78, 8, 1),
(356, 79, 9, 1),
(357, 79, 4, 1),
(358, 79, 4, 1),
(359, 79, 8, -1),
(360, 79, 3, 1),
(361, 79, 1, 0),
(362, 79, 2, -1),
(363, 79, 3, 1),
(364, 79, 11, 0),
(365, 79, 11, 0),
(366, 79, 11, 0),
(367, 80, 9, 1),
(368, 80, 4, 1),
(369, 80, 5, -1),
(370, 80, 1, 0),
(371, 80, 1, 0),
(372, 80, 1, 0),
(373, 81, 9, 1),
(374, 81, 4, 1),
(375, 81, 5, -1),
(376, 81, 1, 0),
(377, 81, 1, 0),
(378, 82, 9, 1),
(379, 82, 4, 1),
(380, 82, 5, -1),
(381, 82, 1, 0),
(382, 82, 1, 0),
(383, 83, 9, 1),
(384, 83, 1, 0),
(385, 83, 11, 0),
(386, 83, 1, 0),
(387, 83, 1, 0),
(388, 83, 1, 0),
(389, 84, 9, 1),
(390, 84, 5, -1),
(391, 84, 2, 0),
(392, 84, 6, -1),
(393, 84, 1, 0),
(394, 84, 1, 0),
(395, 84, 1, 0),
(396, 84, 1, 0),
(397, 85, 9, 1),
(398, 85, 4, 1),
(399, 86, 9, 1),
(400, 86, 11, 0),
(401, 86, 4, 1),
(402, 86, 11, 0),
(403, 87, 9, 1),
(404, 87, 6, -1),
(405, 87, 8, -1),
(406, 87, 2, -1),
(407, 87, 5, -1),
(408, 87, 4, 1),
(409, 87, 11, 0),
(410, 88, 9, 1),
(411, 88, 6, -1),
(412, 89, 9, 1),
(413, 89, 4, 1),
(414, 89, 3, 1),
(415, 89, 11, 0),
(416, 90, 9, 1),
(417, 90, 4, 1),
(418, 90, 3, 1),
(419, 90, 11, 0),
(420, 90, 11, 0),
(421, 90, 11, 0),
(422, 91, 9, 1),
(423, 92, 9, 1),
(424, 92, 4, 1),
(425, 92, 3, 1),
(426, 92, 11, 0),
(427, 92, 11, 0),
(428, 93, 9, 1),
(429, 93, 4, 0),
(430, 93, 1, 1),
(431, 93, 3, 1),
(432, 93, 4, 0),
(433, 94, 9, 1),
(434, 95, 9, 1),
(435, 95, 4, 1),
(436, 95, 3, 1),
(437, 95, 11, 0),
(438, 96, 9, 1),
(439, 96, 5, -1),
(440, 96, 2, 0),
(441, 96, 4, 1),
(442, 96, 1, 0),
(443, 96, 10, 1),
(444, 96, 3, 1),
(445, 96, 2, 0),
(446, 96, 2, 0),
(447, 96, 2, -1),
(448, 96, 2, -1),
(449, 96, 6, -1),
(450, 96, 10, 1),
(451, 96, 8, -1),
(452, 96, 4, 1),
(453, 96, 10, 1),
(454, 96, 3, 1),
(455, 96, 5, -1),
(456, 96, 5, -1),
(457, 96, 10, 1),
(458, 96, 2, -1),
(459, 96, 11, 0),
(460, 96, 1, 0),
(461, 96, 3, 1),
(462, 96, 5, -1),
(463, 96, 8, -1),
(464, 96, 10, 1),
(465, 96, 2, -1),
(466, 96, 3, 1),
(467, 97, 9, 1),
(468, 97, 5, -1),
(469, 97, 2, -1),
(470, 97, 3, 1),
(471, 97, 4, 1),
(472, 97, 10, 1),
(473, 97, 6, -1),
(474, 97, 5, -1),
(475, 97, 11, 0),
(476, 97, 2, -1),
(477, 97, 11, 0),
(478, 97, 10, 1),
(479, 97, 3, 1),
(480, 97, 11, 0),
(481, 98, 9, 1),
(482, 98, 5, 0),
(483, 98, 5, 1),
(484, 98, 8, 0),
(485, 99, 9, 1),
(486, 100, 9, 1),
(487, 100, 1, 1),
(488, 101, 9, 1),
(489, 101, 1, 0),
(490, 101, 4, 1),
(491, 101, 3, 1),
(492, 101, 11, 0),
(493, 101, 2, -1),
(494, 101, 2, -1),
(495, 102, 9, 0),
(496, 102, 1, 1),
(497, 103, 9, 0),
(498, 103, 1, 0),
(499, 103, 3, 0),
(500, 103, 9, 0),
(501, 103, 5, 0),
(502, 104, 9, 1),
(503, 104, 1, 1),
(504, 105, 9, -1),
(505, 105, 1, -1),
(506, 105, 1, -1),
(507, 105, 11, -1),
(508, 106, 9, -1),
(509, 106, 1, 0),
(510, 106, 3, -1),
(511, 106, 1, 1),
(512, 106, 1, 1),
(513, 106, 4, 1),
(514, 106, 2, 1),
(515, 106, 3, -1),
(516, 107, 9, 1),
(517, 107, 1, 1),
(518, 107, 4, 1),
(519, 107, 5, 1),
(520, 107, 8, 1),
(521, 107, 4, 1),
(522, 107, 1, 1),
(523, 107, 8, -1),
(524, 108, 9, 1),
(525, 108, 1, 1),
(526, 108, 4, -1),
(527, 108, 8, -1),
(528, 108, 3, -1),
(529, 108, 11, 1),
(530, 109, 9, -1),
(531, 109, 1, -1),
(532, 109, 11, 0),
(533, 110, 9, 0),
(534, 110, 1, 1),
(535, 110, 4, -1),
(536, 111, 9, 0),
(537, 111, 3, 0),
(538, 111, 9, 0),
(539, 111, 5, 1),
(540, 111, 11, 0),
(541, 111, 5, 1),
(542, 112, 9, -1),
(543, 112, 1, 0),
(544, 113, 9, -1),
(545, 114, 9, 1),
(546, 114, 4, 0),
(547, 114, 1, -1),
(548, 114, 3, -1),
(549, 114, 11, -1),
(550, 114, 5, -1),
(551, 114, 1, -1),
(552, 114, 11, -1),
(553, 114, 3, -1),
(554, 114, 6, -1),
(555, 114, 11, -1),
(556, 114, 1, -1),
(557, 114, 5, -1),
(558, 114, 2, -1),
(559, 114, 9, 1),
(560, 114, 10, 1),
(561, 114, 6, -1),
(562, 114, 9, 1),
(563, 114, 11, -1),
(564, 115, 9, 1),
(565, 115, 4, -1),
(566, 115, 3, -1),
(567, 115, 1, 1),
(568, 115, 8, 1),
(569, 115, 9, 0),
(570, 116, 9, 1),
(571, 116, 4, 0),
(572, 116, 1, 1),
(573, 115, 8, 1),
(574, 116, 3, 1),
(575, 116, 8, -1),
(576, 116, 11, 1),
(577, 116, 4, 1),
(578, 115, 6, -1),
(579, 116, 10, 1),
(580, 115, 5, 1),
(581, 116, 4, 1),
(582, 115, 8, 1),
(583, 117, 9, 1),
(584, 117, 4, -1),
(585, 117, 3, -1),
(586, 117, 1, 1),
(587, 117, 8, 1),
(588, 117, 3, 1),
(589, 118, 9, -1),
(590, 118, 1, 1),
(591, 118, 3, -1),
(592, 118, 4, 1),
(593, 118, 3, -1),
(594, 119, 9, 1),
(595, 119, 4, -1),
(596, 119, 3, 0),
(597, 119, 3, 1),
(598, 120, 9, 1),
(599, 120, 4, 1),
(600, 120, 3, 1),
(601, 120, 11, 1),
(602, 120, 1, 1),
(603, 120, 10, 1),
(604, 120, 4, 1),
(605, 120, 2, 1),
(606, 120, 8, 1),
(607, 121, 9, 1),
(608, 121, 4, 0),
(609, 121, 1, 1),
(610, 121, 3, -1),
(611, 121, 12, 1),
(612, 121, 5, -1),
(613, 122, 9, 1),
(614, 122, 4, -1),
(615, 122, 3, -1),
(616, 122, 1, -1),
(617, 122, 11, -1),
(618, 122, 11, -1),
(619, 122, 1, -1),
(620, 122, 4, -1),
(621, 123, 9, 1),
(622, 123, 4, -1),
(623, 123, 1, -1),
(624, 123, 11, 1),
(625, 123, 2, -1),
(626, 123, 9, 1),
(627, 123, 1, -1),
(628, 123, 11, -1),
(629, 123, 3, -1),
(630, 124, 9, 1),
(631, 124, 4, 0),
(632, 124, 1, -1),
(633, 124, 11, -1),
(634, 124, 3, 0),
(635, 125, 9, 1),
(636, 125, 4, -1),
(637, 125, 1, 1),
(638, 125, 8, 1),
(639, 125, 8, 1),
(640, 125, 3, 1),
(641, 125, 4, -1),
(642, 126, 9, 0),
(643, 126, 1, 0),
(644, 126, 4, 0),
(645, 126, 3, 0),
(646, 126, 9, 0),
(647, 126, 4, 0),
(648, 126, 8, 0),
(649, 126, 11, 0),
(650, 126, 9, 0),
(651, 126, 11, 0),
(652, 126, 4, 0),
(653, 126, 1, 0),
(654, 127, 9, 0),
(655, 127, 1, 0),
(656, 127, 4, 0),
(657, 127, 3, 0),
(658, 127, 9, 0),
(659, 127, 5, 0),
(660, 127, 5, 0),
(661, 127, 5, 0),
(662, 127, 3, 0),
(663, 127, 10, 0),
(664, 127, 8, 0),
(665, 127, 11, 0),
(666, 128, 9, 0),
(667, 128, 1, 0),
(668, 128, 4, 0),
(669, 128, 3, 0),
(670, 128, 9, 0),
(671, 128, 10, 0),
(672, 128, 10, 0),
(673, 129, 9, 0),
(674, 129, 1, 0),
(675, 129, 3, 0),
(676, 129, 9, 0),
(677, 130, 9, 0),
(678, 130, 1, 0),
(679, 130, 3, 0),
(680, 129, 5, 0),
(681, 130, 9, 0),
(682, 130, 5, 0),
(683, 130, 5, 0),
(684, 130, 5, 0),
(685, 130, 12, 0),
(686, 130, 3, 0),
(687, 130, 1, 0),
(688, 130, 12, 0),
(689, 130, 2, -1),
(690, 130, 11, 0),
(691, 131, 9, 0),
(692, 131, 1, 0),
(693, 131, 3, 0),
(694, 131, 9, 0),
(695, 131, 5, 0),
(696, 131, 5, 0),
(697, 131, 5, 0),
(698, 131, 8, 0),
(699, 131, 4, 0),
(700, 131, 6, 0),
(701, 132, 9, -1),
(702, 132, 1, 0),
(703, 132, 3, 0),
(704, 132, 3, 1),
(705, 132, 5, 0),
(706, 132, 8, 0),
(707, 132, 12, 1),
(708, 132, 3, 0),
(709, 132, 9, 1),
(710, 133, 9, -1),
(711, 133, 1, 1),
(712, 133, 3, 1),
(713, 133, 4, 0),
(714, 133, 1, -1),
(715, 133, 7, 1),
(716, 134, 9, 1),
(717, 134, 4, 1),
(718, 134, 3, 1),
(719, 134, 11, 1),
(720, 134, 1, 1),
(721, 134, 10, 1),
(722, 134, 4, 1),
(723, 134, 2, 1),
(724, 134, 8, 1),
(725, 134, 8, -1),
(726, 134, 8, -1),
(727, 134, 8, -1),
(728, 134, 8, -1),
(729, 134, 8, -1),
(730, 134, 8, -1),
(731, 134, 8, -1),
(732, 134, 8, -1),
(733, 135, 9, 0),
(734, 135, 1, 0),
(735, 135, 3, 0),
(736, 135, 9, 0),
(737, 135, 5, 0),
(738, 135, 5, 0),
(739, 135, 5, 0),
(740, 135, 11, 0),
(741, 135, 12, 0),
(742, 135, 12, 0),
(743, 136, 9, 1),
(744, 136, 4, 0),
(745, 136, 1, 0),
(746, 136, 3, 0),
(747, 136, 3, 0),
(748, 136, 1, 0),
(749, 137, 9, 0),
(750, 137, 1, 0),
(751, 137, 3, 0),
(752, 137, 9, 0),
(753, 137, 5, -1),
(754, 137, 3, 0),
(755, 137, 8, 1),
(756, 137, 12, 1),
(757, 138, 9, 0),
(758, 138, 1, 0),
(759, 138, 4, 0),
(760, 138, 3, 0),
(761, 139, 9, -1),
(762, 139, 1, -1),
(763, 139, 1, -1),
(764, 139, 12, 1),
(765, 140, 9, -1),
(766, 140, 1, -1),
(767, 140, 1, -1),
(768, 140, 12, -1),
(769, 140, 12, -1),
(770, 141, 9, 1),
(771, 141, 4, -1),
(772, 141, 1, -1),
(773, 141, 11, 0),
(774, 142, 9, 1),
(775, 142, 4, 1),
(776, 142, 3, 1),
(777, 142, 11, -1),
(778, 142, 11, -1),
(779, 142, 1, 0),
(780, 142, 11, -1),
(781, 142, 1, 0),
(782, 142, 11, -1),
(783, 142, 8, 0),
(784, 142, 2, 1),
(785, 143, 9, 1),
(786, 144, 9, 1),
(787, 144, 4, 1),
(788, 144, 11, -1),
(789, 144, 8, 0),
(790, 144, 2, 1),
(791, 145, 9, 1),
(792, 145, 4, 1),
(793, 145, 11, 1),
(794, 145, 3, 1),
(795, 145, 2, 0),
(796, 145, 2, 0),
(797, 145, 2, 0),
(798, 145, 7, -1),
(799, 145, 4, 1),
(800, 146, 9, 1),
(801, 146, 4, 1),
(802, 146, 11, -1),
(803, 147, 9, 1),
(804, 147, 4, -1),
(805, 147, 1, 1),
(806, 148, 9, -1),
(807, 148, 1, 0),
(808, 148, 3, 1),
(809, 148, 4, -1),
(810, 148, 11, 0),
(811, 148, 4, 1),
(812, 148, 10, 1),
(813, 148, 3, 1),
(814, 149, 9, 1),
(815, 150, 9, 0),
(816, 150, 1, -1),
(817, 150, 9, 0),
(818, 150, 9, 1),
(819, 150, 4, 0),
(820, 150, 2, -1),
(821, 150, 3, 0),
(822, 150, 6, 1),
(823, 151, 9, 0),
(824, 151, 1, -1),
(825, 151, 9, 0),
(826, 151, 9, -1),
(827, 151, 12, 0),
(828, 151, 4, 1),
(829, 151, 9, 0),
(830, 151, 7, -1),
(831, 151, 4, 0),
(832, 152, 9, 1),
(833, 152, 4, -1),
(834, 152, 1, 0),
(835, 152, 1, -1),
(836, 153, 9, 0),
(837, 153, 1, -1),
(838, 153, 9, 0),
(839, 153, 9, 0),
(840, 153, 1, 0),
(841, 154, 3, 1),
(842, 155, 3, 1),
(843, 155, 4, 0),
(844, 155, 1, 0),
(845, 155, 11, 1),
(846, 155, 9, -1),
(847, 155, 4, 0),
(848, 155, 9, 0),
(849, 155, 10, 1),
(850, 155, 11, 1),
(851, 156, 3, 1),
(852, 157, 3, 1),
(853, 157, 4, 0),
(854, 157, 1, 0),
(855, 158, 3, 1),
(856, 159, 3, 1),
(857, 160, 3, 0),
(858, 160, 3, 0),
(859, 160, 4, 0),
(860, 161, 3, 0),
(861, 161, 3, 0),
(862, 162, 3, 0),
(863, 162, 3, 0),
(864, 162, 4, -1),
(865, 162, 1, -1),
(866, 163, 3, 0),
(867, 163, 1, 0),
(868, 163, 3, 0),
(869, 164, 3, 1),
(870, 164, 4, -1),
(871, 164, 1, 0),
(872, 164, 4, 1),
(873, 164, 11, 0),
(874, 164, 2, -1),
(875, 165, 3, 0),
(876, 165, 1, 0),
(877, 165, 3, 0),
(878, 165, 9, 0),
(879, 166, 3, 0),
(880, 166, 1, 0),
(881, 166, 3, 0),
(882, 167, 3, 0),
(883, 167, 1, 0),
(884, 167, 3, 0),
(885, 168, 3, 0),
(886, 168, 1, -1),
(887, 168, 3, 0),
(888, 168, 4, 0),
(889, 168, 5, -1),
(890, 168, 2, 1),
(891, 169, 15, 0),
(892, 169, 1, 0),
(893, 169, 4, 0),
(894, 170, 15, -1),
(895, 170, 4, 0),
(896, 170, 3, 0),
(897, 171, 15, 0),
(898, 171, 1, 0),
(899, 171, 4, 1),
(900, 171, 11, -1),
(901, 171, 2, 0),
(902, 171, 15, -1),
(903, 171, 2, 0),
(904, 172, 15, 0),
(905, 172, 1, 0),
(906, 172, 4, 0),
(907, 173, 15, -1),
(908, 173, 4, 1),
(909, 173, 3, 0),
(910, 173, 11, -1),
(911, 173, 1, 0),
(912, 173, 9, 1),
(913, 173, 2, -1),
(914, 173, 3, 0),
(915, 173, 5, -1),
(916, 173, 8, -1),
(917, 174, 15, -1),
(918, 174, 4, 1),
(919, 174, 3, 0),
(920, 174, 8, 0),
(921, 174, 1, 0),
(922, 174, 11, -1),
(923, 174, 8, 0),
(924, 174, 4, 1),
(925, 174, 2, -1),
(926, 175, 15, 0),
(927, 175, 1, 0),
(928, 175, 4, 0),
(929, 176, 15, 0),
(930, 176, 1, 0),
(931, 176, 4, 0),
(932, 177, 15, -1),
(933, 177, 3, -1),
(934, 177, 11, -1),
(935, 177, 1, 0),
(936, 177, 4, 0),
(937, 177, 4, 1),
(938, 177, 8, -1),
(939, 177, 3, 0),
(940, 177, 5, -1),
(941, 177, 8, -1),
(942, 178, 15, 0),
(943, 178, 1, 0),
(944, 178, 4, 0),
(945, 178, 3, 0),
(946, 179, 15, 0),
(947, 179, 1, 0),
(948, 179, 4, 0),
(949, 180, 15, -1),
(950, 180, 4, 0),
(951, 180, 3, 1),
(952, 180, 1, 1),
(953, 180, 8, 1),
(954, 180, 8, 1),
(955, 181, 15, -1),
(956, 181, 3, 1),
(957, 181, 11, 1),
(958, 181, 4, -1),
(959, 181, 9, 1),
(960, 181, 8, 1),
(961, 182, 15, 0),
(962, 182, 1, 0),
(963, 182, 4, 0),
(964, 183, 15, 0),
(965, 183, 1, 0),
(966, 183, 4, 0),
(967, 184, 15, 0),
(968, 184, 1, 0),
(969, 184, 4, 0),
(970, 184, 3, 0),
(971, 185, 15, 0),
(972, 185, 1, 0),
(973, 185, 4, 0),
(974, 186, 15, 0),
(975, 186, 1, 0),
(976, 186, 4, 0),
(977, 186, 3, 0),
(978, 187, 15, 0),
(979, 187, 1, 0),
(980, 187, 4, 0),
(981, 188, 15, 1),
(982, 188, 1, 1),
(983, 188, 9, 1),
(984, 188, 13, 1),
(985, 188, 11, 1),
(986, 188, 1, 1),
(987, 188, 4, 1),
(988, 189, 15, 1),
(989, 189, 1, 1),
(990, 189, 9, 1),
(991, 189, 13, 1),
(992, 189, 11, 0),
(993, 189, 2, 0),
(994, 189, 11, 0),
(995, 189, 10, 0),
(996, 189, 1, 0),
(997, 189, 2, 0),
(998, 190, 15, -1),
(999, 190, 3, -1),
(1000, 190, 11, 1),
(1001, 190, 1, 0),
(1002, 191, 15, -1),
(1003, 191, 3, -1),
(1004, 191, 11, -1);

-- --------------------------------------------------------

--
-- Structure de la table `produits`
--

CREATE TABLE IF NOT EXISTS `produits` (
  `idP` int(11) NOT NULL AUTO_INCREMENT,
  `nom` text COLLATE utf8_bin NOT NULL,
  `prix` int(11) NOT NULL,
  `date` timestamp NOT NULL DEFAULT CURRENT_TIMESTAMP ON UPDATE CURRENT_TIMESTAMP,
  PRIMARY KEY (`idP`)
) ENGINE=InnoDB  DEFAULT CHARSET=utf8 COLLATE=utf8_bin AUTO_INCREMENT=35 ;

--
-- Contenu de la table `produits`
--

INSERT INTO `produits` (`idP`, `nom`, `prix`, `date`) VALUES
(1, 'PS4', 0, '2014-02-09 02:02:13'),
(2, 'XBox One', 0, '2014-02-09 02:21:04'),
(3, 'Un chat', 0, '2014-02-09 02:27:55'),
(4, 'Un chien', 0, '2014-02-09 02:28:49'),
(5, 'Ta mère', 0, '2014-02-09 02:29:01'),
(6, 'Un ordinateur', 0, '2014-02-09 02:29:14'),
(7, 'Le BDG', 0, '2014-02-09 03:05:04'),
(8, 'Georges Charpak', 0, '2014-02-09 03:05:13'),
(9, 'Starcraft 2', 0, '2014-02-09 03:05:30'),
(10, 'Age of Empire', 0, '2014-02-09 03:05:39'),
(11, 'Un stylo', 0, '2014-02-09 03:05:58'),
(12, 'Une bière', 0, '2014-02-09 03:06:16'),
(13, 'Scarlett Johansson', 0, '2014-02-09 03:06:40'),
(14, 'Superman', 0, '2014-02-09 03:06:48'),
(15, 'Un singe', 0, '2014-02-09 03:06:55'),
(16, 'Barack Obama', 0, '2014-02-09 03:07:10'),
(17, 'Tintin', 0, '2014-02-09 03:07:16'),
(18, 'Un iPhone 5', 0, '2014-02-09 03:31:50'),
(19, 'Du Nutella', 0, '2014-02-09 03:32:11'),
(20, 'Une voiture', 0, '2014-02-09 03:32:39'),
(21, 'Niko Bellic', 0, '2014-02-09 03:33:02'),
(22, 'Des écouteurs', 0, '2014-02-09 04:27:22'),
(23, 'Facebook', 0, '2014-02-09 10:50:33'),
(24, 'Google', 0, '2014-02-09 10:50:41'),
(25, 'Vladimir Poutine', 0, '2014-02-09 14:38:35'),
(26, 'Clausse', 0, '2014-02-09 14:41:12'),
(27, 'Une capote', 0, '2014-02-09 20:06:44'),
(28, 'Tetris', 0, '2014-02-10 09:01:10'),
(29, 'Microscope à fluorescence', 0, '2014-02-10 12:50:49'),
(30, 'Zlatan Ibrahimović', 0, '2014-02-11 12:04:55'),
(31, 'Un régulateur de vitesse', 0, '2014-02-11 15:02:59'),
(32, 'Un photon', 0, '2014-02-14 14:23:27'),
(33, 'Un panneau solaire', 0, '2014-02-14 15:29:14'),
(34, 'Une tente', 0, '2014-02-14 15:40:29');

-- --------------------------------------------------------

--
-- Structure de la table `questions`
--

CREATE TABLE IF NOT EXISTS `questions` (
  `idQ` int(11) NOT NULL AUTO_INCREMENT,
  `question` text CHARACTER SET utf8 NOT NULL,
  PRIMARY KEY (`idQ`)
) ENGINE=InnoDB  DEFAULT CHARSET=utf8 COLLATE=utf8_bin AUTO_INCREMENT=16 ;

--
-- Contenu de la table `questions`
--

INSERT INTO `questions` (`idQ`, `question`) VALUES
(1, 'Est-ce beau'),
(2, 'Est-ce un appareil électronique'),
(3, 'Ça coûte plus de 450€'),
(4, 'C''est gros'),
(5, 'C''est un être humain'),
(6, 'Ça se mange'),
(7, 'Ça se boit'),
(8, 'C''est mignon'),
(9, 'C''est utile'),
(10, 'Ça existait avant 2000'),
(11, 'C''est divertissant'),
(12, 'C''est réel'),
(13, 'C''est un outil'),
(15, 'Est-ce que ça consomme de l''énergie électrique');

-- --------------------------------------------------------

--
-- Structure de la table `recherches`
--

CREATE TABLE IF NOT EXISTS `recherches` (
  `idR` int(11) NOT NULL AUTO_INCREMENT,
  `nbC` int(11) NOT NULL,
  `produit` int(11) NOT NULL,
  `time` timestamp NOT NULL DEFAULT CURRENT_TIMESTAMP ON UPDATE CURRENT_TIMESTAMP,
  `ip` varchar(255) CHARACTER SET latin1 NOT NULL,
  PRIMARY KEY (`idR`)
) ENGINE=InnoDB  DEFAULT CHARSET=utf8 COLLATE=utf8_bin AUTO_INCREMENT=192 ;

--
-- Contenu de la table `recherches`
--

INSERT INTO `recherches` (`idR`, `nbC`, `produit`, `time`, `ip`) VALUES
(1, 0, 0, '2014-02-09 02:07:28', ''),
(2, 0, 0, '2014-02-09 02:09:11', ''),
(3, 0, 0, '2014-02-09 02:11:31', ''),
(4, 0, 0, '2014-02-09 02:12:49', ''),
(5, 0, 0, '2014-02-09 02:14:13', ''),
(6, 0, 0, '2014-02-09 02:14:18', ''),
(7, 0, 0, '2014-02-09 02:15:23', ''),
(8, 0, 0, '2014-02-09 02:15:37', ''),
(9, 0, 0, '2014-02-09 02:16:40', ''),
(10, 0, 0, '2014-02-09 02:21:48', ''),
(11, 0, 0, '2014-02-09 02:30:22', ''),
(12, 0, 0, '2014-02-09 02:30:30', ''),
(13, 0, 0, '2014-02-09 02:34:19', ''),
(14, 0, 0, '2014-02-09 02:41:30', ''),
(15, 0, 0, '2014-02-09 02:42:49', ''),
(16, 0, 0, '2014-02-09 02:43:11', ''),
(17, 0, 0, '2014-02-09 02:51:07', ''),
(18, 0, 0, '2014-02-09 02:55:15', ''),
(19, 0, 0, '2014-02-09 02:55:48', ''),
(20, 0, 0, '2014-02-09 02:58:06', ''),
(21, 0, 0, '2014-02-09 02:59:38', ''),
(22, 0, 0, '2014-02-09 03:00:19', ''),
(23, 0, 0, '2014-02-09 03:00:56', ''),
(24, 0, 0, '2014-02-09 03:18:10', ''),
(25, 0, 0, '2014-02-09 03:20:18', ''),
(26, 0, 0, '2014-02-09 03:22:01', ''),
(27, 0, 0, '2014-02-09 03:29:23', ''),
(28, 0, 0, '2014-02-09 03:39:12', ''),
(29, 0, 0, '2014-02-09 04:21:58', ''),
(30, 0, 0, '2014-02-09 04:22:08', ''),
(31, 0, 0, '2014-02-09 04:23:04', ''),
(32, 0, 0, '2014-02-09 04:27:09', ''),
(33, 0, 0, '2014-02-09 04:42:13', ''),
(34, 0, 0, '2014-02-09 10:50:12', ''),
(35, 0, 0, '2014-02-09 10:50:47', ''),
(36, 0, 0, '2014-02-09 10:56:00', ''),
(37, 0, 0, '2014-02-09 10:58:08', ''),
(38, 0, 0, '2014-02-09 10:58:54', ''),
(39, 0, 0, '2014-02-09 10:59:30', ''),
(40, 0, 0, '2014-02-09 11:02:00', ''),
(41, 0, 0, '2014-02-09 11:02:46', ''),
(42, 0, 0, '2014-02-09 11:03:26', ''),
(43, 0, 0, '2014-02-09 11:03:52', ''),
(44, 0, 0, '2014-02-09 11:04:19', ''),
(45, 0, 0, '2014-02-09 11:04:32', ''),
(46, 0, 0, '2014-02-09 11:05:13', ''),
(47, 0, 0, '2014-02-09 11:06:20', ''),
(48, 0, 0, '2014-02-09 11:07:31', ''),
(49, 0, 0, '2014-02-09 11:08:07', ''),
(50, 0, 0, '2014-02-09 11:08:33', ''),
(51, 0, 0, '2014-02-09 11:09:55', ''),
(52, 0, 0, '2014-02-09 11:10:20', ''),
(53, 0, 0, '2014-02-09 11:11:06', ''),
(54, 0, 0, '2014-02-09 11:12:03', ''),
(55, 0, 0, '2014-02-09 11:12:42', ''),
(56, 0, 0, '2014-02-09 11:22:25', ''),
(57, 0, 0, '2014-02-09 11:24:12', ''),
(58, 0, 0, '2014-02-09 11:24:35', ''),
(59, 0, 0, '2014-02-09 11:25:34', ''),
(60, 0, 0, '2014-02-09 11:25:37', ''),
(61, 0, 0, '2014-02-09 11:26:03', ''),
(62, 0, 0, '2014-02-09 11:26:29', ''),
(63, 0, 0, '2014-02-09 11:26:33', ''),
(64, 0, 0, '2014-02-09 11:28:27', ''),
(65, 0, 0, '2014-02-09 11:29:42', ''),
(66, 0, 0, '2014-02-09 11:31:04', ''),
(67, 0, 0, '2014-02-09 11:31:12', ''),
(68, 0, 0, '2014-02-09 11:33:59', ''),
(69, 0, 0, '2014-02-09 11:36:36', ''),
(70, 0, 0, '2014-02-09 11:36:58', ''),
(71, 0, 0, '2014-02-09 11:37:57', ''),
(72, 0, 0, '2014-02-09 11:38:59', ''),
(73, 0, 0, '2014-02-09 11:40:46', ''),
(74, 0, 0, '2014-02-09 11:42:10', ''),
(75, 0, 0, '2014-02-09 11:42:56', ''),
(76, 0, 0, '2014-02-09 11:43:36', ''),
(77, 0, 0, '2014-02-09 11:44:27', ''),
(78, 0, 0, '2014-02-09 11:45:26', ''),
(79, 0, 0, '2014-02-09 11:46:14', ''),
(80, 0, 0, '2014-02-09 11:48:55', ''),
(81, 0, 0, '2014-02-09 11:50:06', ''),
(82, 0, 0, '2014-02-09 12:28:07', ''),
(83, 0, 0, '2014-02-09 12:29:48', ''),
(84, 0, 0, '2014-02-09 12:30:44', ''),
(85, 0, 0, '2014-02-09 13:11:39', ''),
(86, 0, 0, '2014-02-09 13:13:25', ''),
(87, 0, 0, '2014-02-09 13:16:35', ''),
(88, 0, 0, '2014-02-09 13:20:01', ''),
(89, 0, 0, '2014-02-09 13:22:30', ''),
(90, 0, 0, '2014-02-09 13:31:15', ''),
(91, 0, 0, '2014-02-09 13:34:12', ''),
(92, 0, 0, '2014-02-09 13:36:13', ''),
(93, 0, 0, '2014-02-09 13:37:32', ''),
(94, 0, 0, '2014-02-09 13:39:33', ''),
(95, 0, 0, '2014-02-09 13:42:02', ''),
(96, 0, 0, '2014-02-09 13:49:20', ''),
(97, 0, 0, '2014-02-09 13:53:30', ''),
(98, 0, 0, '2014-02-09 14:35:32', ''),
(99, 0, 0, '2014-02-09 14:36:28', ''),
(100, 0, 0, '2014-02-09 14:37:23', ''),
(101, 0, 0, '2014-02-09 14:37:27', ''),
(102, 0, 0, '2014-02-09 14:38:04', ''),
(103, 0, 0, '2014-02-09 14:38:15', ''),
(104, 0, 0, '2014-02-09 14:40:16', ''),
(105, 0, 0, '2014-02-09 14:40:50', ''),
(106, 0, 0, '2014-02-09 14:42:46', ''),
(107, 0, 0, '2014-02-09 14:43:43', ''),
(108, 0, 0, '2014-02-09 14:47:44', ''),
(109, 0, 0, '2014-02-09 14:49:25', ''),
(110, 0, 0, '2014-02-09 14:51:30', ''),
(111, 0, 0, '2014-02-09 14:51:52', ''),
(112, 0, 0, '2014-02-09 14:58:54', ''),
(113, 0, 0, '2014-02-09 15:04:31', ''),
(114, 0, 0, '2014-02-09 15:04:39', ''),
(115, 0, 0, '2014-02-09 15:05:36', ''),
(116, 0, 0, '2014-02-09 15:06:03', ''),
(117, 0, 0, '2014-02-09 15:07:57', ''),
(118, 0, 0, '2014-02-09 15:13:55', ''),
(119, 0, 0, '2014-02-09 15:18:51', ''),
(120, 0, 0, '2014-02-09 17:06:59', ''),
(121, 0, 0, '2014-02-09 18:47:19', ''),
(122, 0, 0, '2014-02-09 18:58:22', ''),
(123, 0, 0, '2014-02-09 20:07:20', ''),
(124, 0, 0, '2014-02-09 20:08:02', ''),
(125, 0, 0, '2014-02-10 08:07:20', ''),
(126, 0, 0, '2014-02-10 08:08:23', ''),
(127, 0, 0, '2014-02-10 08:08:39', ''),
(128, 0, 0, '2014-02-10 08:08:47', ''),
(129, 0, 0, '2014-02-10 08:08:50', ''),
(130, 0, 0, '2014-02-10 08:08:53', ''),
(131, 0, 0, '2014-02-10 08:09:03', ''),
(132, 0, 0, '2014-02-10 08:13:48', ''),
(133, 0, 0, '2014-02-10 08:13:55', ''),
(134, 0, 0, '2014-02-10 08:14:04', ''),
(135, 0, 0, '2014-02-10 08:21:56', ''),
(136, 0, 0, '2014-02-10 08:24:56', ''),
(137, 0, 0, '2014-02-10 08:25:18', ''),
(138, 0, 0, '2014-02-10 09:01:04', ''),
(139, 0, 0, '2014-02-10 09:01:53', ''),
(140, 0, 0, '2014-02-10 09:02:02', ''),
(141, 0, 0, '2014-02-10 09:25:11', ''),
(142, 0, 0, '2014-02-10 12:49:19', ''),
(143, 0, 0, '2014-02-10 12:50:59', ''),
(144, 0, 0, '2014-02-10 12:51:46', ''),
(145, 0, 0, '2014-02-10 13:58:48', ''),
(146, 0, 0, '2014-02-10 14:21:13', ''),
(147, 0, 0, '2014-02-10 14:23:00', ''),
(148, 0, 0, '2014-02-10 14:24:13', ''),
(149, 0, 0, '2014-02-10 19:38:51', ''),
(150, 0, 0, '2014-02-10 20:59:33', ''),
(151, 0, 0, '2014-02-10 20:59:39', ''),
(152, 0, 0, '2014-02-10 23:57:43', ''),
(153, 0, 0, '2014-02-11 12:03:55', ''),
(154, 0, 0, '2014-02-11 12:05:35', ''),
(155, 0, 0, '2014-02-11 12:05:37', ''),
(156, 0, 0, '2014-02-11 12:07:04', ''),
(157, 0, 0, '2014-02-11 12:07:10', ''),
(158, 0, 0, '2014-02-11 12:16:39', ''),
(159, 0, 0, '2014-02-11 12:16:42', ''),
(160, 0, 0, '2014-02-11 12:20:09', ''),
(161, 0, 0, '2014-02-11 14:59:29', ''),
(162, 0, 0, '2014-02-11 15:02:19', ''),
(163, 0, 0, '2014-02-12 20:47:47', ''),
(164, 0, 0, '2014-02-13 09:35:58', ''),
(165, 0, 0, '2014-02-13 17:48:31', ''),
(166, 0, 0, '2014-02-14 14:24:08', ''),
(167, 0, 0, '2014-02-14 15:29:52', ''),
(168, 0, 0, '2014-02-14 15:29:56', ''),
(169, 0, 0, '2014-02-14 15:38:24', ''),
(170, 0, 0, '2014-02-14 15:38:41', ''),
(171, 0, 0, '2014-02-14 15:38:57', ''),
(172, 0, 0, '2014-02-14 15:39:33', ''),
(173, 0, 0, '2014-02-14 15:39:38', ''),
(174, 0, 0, '2014-02-14 15:41:23', ''),
(175, 0, 0, '2014-02-14 19:01:34', ''),
(176, 0, 0, '2014-02-14 19:01:41', ''),
(177, 0, 0, '2014-02-14 19:01:49', ''),
(178, 0, 0, '2014-02-15 17:35:04', ''),
(179, 0, 0, '2014-02-15 17:35:09', ''),
(180, 0, 0, '2014-02-15 17:35:21', ''),
(181, 0, 0, '2014-02-15 17:35:41', ''),
(182, 0, 0, '2014-02-17 03:17:21', ''),
(183, 0, 0, '2014-02-17 13:52:17', ''),
(184, 0, 0, '2014-02-18 14:18:21', ''),
(185, 0, 0, '2014-02-22 23:31:34', ''),
(186, 0, 0, '2014-02-24 14:46:08', ''),
(187, 0, 0, '2014-02-24 14:59:57', ''),
(188, 0, 0, '2014-02-24 15:00:12', ''),
(189, 0, 0, '2014-02-24 15:01:05', ''),
(190, 0, 0, '2014-02-24 15:01:16', ''),
(191, 0, 0, '2014-02-24 15:01:40', '');

-- --------------------------------------------------------

--
-- Structure de la table `reponses`
--

CREATE TABLE IF NOT EXISTS `reponses` (
  `idP` int(11) NOT NULL,
  `idQ` int(11) NOT NULL,
  `reponse` smallint(4) NOT NULL,
  `pertinence` smallint(4) NOT NULL,
  `nbReponses` int(11) NOT NULL,
  PRIMARY KEY (`idP`,`idQ`)
) ENGINE=InnoDB DEFAULT CHARSET=utf8 COLLATE=utf8_bin;

--
-- Contenu de la table `reponses`
--

INSERT INTO `reponses` (`idP`, `idQ`, `reponse`, `pertinence`, `nbReponses`) VALUES
(1, 1, 1, 0, 0),
(1, 2, 1, 0, 0),
(1, 3, -1, 0, 0),
(1, 4, 1, 0, 0),
(1, 5, -1, 0, 0),
(1, 6, -1, 0, 0),
(1, 7, -1, 0, 0),
(1, 8, -1, 0, 0),
(1, 9, -1, 0, 0),
(1, 10, -1, 0, 0),
(1, 11, 1, 0, 0),
(1, 12, 1, 0, 0),
(1, 13, -1, 0, 0),
(1, 15, 1, 0, 0),
(2, 1, 1, 0, 0),
(2, 2, 1, 0, 0),
(2, 3, 1, 0, 0),
(2, 4, 1, 0, 0),
(2, 5, -1, 0, 0),
(2, 6, -1, 0, 0),
(2, 7, -1, 0, 0),
(2, 8, -1, 0, 0),
(2, 9, -1, 0, 0),
(2, 10, -1, 0, 0),
(2, 11, 1, 0, 0),
(2, 12, 1, 0, 0),
(2, 13, -1, 0, 0),
(2, 15, 1, 0, 0),
(3, 1, 1, 0, 0),
(3, 2, -1, 0, 0),
(3, 3, -1, 0, 0),
(3, 4, -1, 0, 0),
(3, 5, -1, 0, 0),
(3, 6, 1, 0, 0),
(3, 7, -1, 0, 0),
(3, 8, 1, 0, 0),
(3, 9, -1, 0, 0),
(3, 10, 1, 0, 0),
(3, 11, 1, 0, 0),
(3, 12, 1, 0, 0),
(3, 13, -1, 0, 0),
(3, 15, -1, 0, 0),
(4, 1, 1, 0, 0),
(4, 2, -1, 0, 0),
(4, 3, 0, 0, 0),
(4, 4, 0, 0, 0),
(4, 5, -1, 0, 0),
(4, 6, 1, 0, 0),
(4, 7, -1, 0, 0),
(4, 8, 0, 0, 0),
(4, 9, 1, 0, 0),
(4, 10, 1, 0, 0),
(4, 11, 1, 0, 0),
(4, 12, 1, 0, 0),
(4, 13, -1, 0, 0),
(4, 15, -1, 0, 0),
(5, 1, 0, 0, 0),
(5, 2, -1, 0, 0),
(5, 3, -1, 0, 0),
(5, 4, 1, 0, 0),
(5, 5, 1, 0, 0),
(5, 6, -1, 0, 0),
(5, 7, -1, 0, 0),
(5, 8, 1, 0, 0),
(5, 9, 1, 0, 0),
(5, 10, 1, 0, 0),
(5, 11, 1, 0, 0),
(5, 12, 1, 0, 0),
(5, 13, -1, 0, 0),
(5, 15, -1, 0, 0),
(6, 1, -1, 0, 0),
(6, 2, 1, 0, 0),
(6, 3, 1, 0, 0),
(6, 4, 0, 0, 0),
(6, 5, -1, 0, 0),
(6, 6, -1, 0, 0),
(6, 7, -1, 0, 0),
(6, 8, -1, 0, 0),
(6, 9, 1, 0, 0),
(6, 10, 1, 0, 0),
(6, 11, 1, 0, 0),
(6, 12, 1, 0, 0),
(6, 13, 1, 0, 0),
(6, 15, 1, 0, 0),
(7, 1, 1, 0, 0),
(7, 2, -1, 0, 0),
(7, 3, 0, 0, 0),
(7, 4, 1, 0, 0),
(7, 5, 0, 0, 0),
(7, 6, -1, 0, 0),
(7, 7, -1, 0, 0),
(7, 8, -1, 0, 0),
(7, 9, 0, 0, 0),
(7, 10, -1, 0, 0),
(7, 11, 1, 0, 0),
(7, 12, 1, 0, 0),
(7, 13, -1, 0, 0),
(7, 15, 1, 0, 0),
(8, 1, -1, 0, 0),
(8, 2, -1, 0, 0),
(8, 3, 0, 0, 0),
(8, 4, 0, 0, 0),
(8, 5, 1, 0, 0),
(8, 6, -1, 0, 0),
(8, 7, -1, 0, 0),
(8, 8, -1, 0, 0),
(8, 9, 1, 0, 0),
(8, 10, 1, 0, 0),
(8, 11, -1, 0, 0),
(8, 12, 1, 0, 0),
(8, 13, -1, 0, 0),
(8, 15, -1, 0, 0),
(9, 1, -1, 0, 0),
(9, 2, -1, 0, 0),
(9, 3, -1, 0, 0),
(9, 4, -1, 0, 0),
(9, 5, -1, 0, 0),
(9, 6, -1, 0, 0),
(9, 7, -1, 0, 0),
(9, 8, -1, 0, 0),
(9, 9, -1, 0, 0),
(9, 10, -1, 0, 0),
(9, 11, 1, 0, 0),
(9, 12, 0, 0, 0),
(9, 13, -1, 0, 0),
(9, 15, 1, 0, 0),
(10, 1, -1, 0, 0),
(10, 2, -1, 0, 0),
(10, 3, -1, 0, 0),
(10, 4, -1, 0, 0),
(10, 5, -1, 0, 0),
(10, 6, -1, 0, 0),
(10, 7, -1, 0, 0),
(10, 8, -1, 0, 0),
(10, 9, -1, 0, 0),
(10, 10, 1, 0, 0),
(10, 11, 1, 0, 0),
(10, 12, 1, 0, 0),
(10, 13, -1, 0, 0),
(10, 15, 1, 0, 0),
(11, 1, 0, 0, 0),
(11, 2, -1, 0, 0),
(11, 3, -1, 0, 0),
(11, 4, -1, 0, 0),
(11, 5, -1, 0, 0),
(11, 6, -1, 0, 0),
(11, 7, -1, 0, 0),
(11, 8, -1, 0, 0),
(11, 9, 1, 0, 0),
(11, 10, 1, 0, 0),
(11, 11, -1, 0, 0),
(11, 12, 1, 0, 0),
(11, 13, 1, 0, 0),
(11, 15, -1, 0, 0),
(12, 1, 0, 0, 0),
(12, 2, -1, 0, 0),
(12, 3, -1, 0, 0),
(12, 4, -1, 0, 0),
(12, 5, -1, 0, 0),
(12, 6, -1, 0, 0),
(12, 7, 1, 0, 0),
(12, 8, -1, 0, 0),
(12, 9, -1, 0, 0),
(12, 10, 1, 0, 0),
(12, 11, 1, 0, 0),
(12, 12, 1, 0, 0),
(12, 13, -1, 0, 0),
(12, 15, -1, 0, 0),
(13, 1, 1, 0, 0),
(13, 2, -1, 0, 0),
(13, 3, 1, 0, 0),
(13, 4, -1, 0, 0),
(13, 5, 1, 0, 0),
(13, 6, -1, 0, 0),
(13, 7, -1, 0, 0),
(13, 8, 1, 0, 0),
(13, 9, 1, 0, 0),
(13, 10, 1, 0, 0),
(13, 11, 1, 0, 0),
(13, 12, 1, 0, 0),
(13, 13, -1, 0, 0),
(13, 15, -1, 0, 0),
(14, 1, 1, 0, 0),
(14, 2, -1, 0, 0),
(14, 3, -1, 0, 0),
(14, 4, 0, 0, 0),
(14, 5, 1, 0, 0),
(14, 6, -1, 0, 0),
(14, 7, -1, 0, 0),
(14, 8, 0, 0, 0),
(14, 9, 1, 0, 0),
(14, 10, 1, 0, 0),
(14, 11, 1, 0, 0),
(14, 12, -1, 0, 0),
(14, 13, -1, 0, 0),
(14, 15, -1, 0, 0),
(15, 1, 0, 0, 0),
(15, 2, -1, 0, 0),
(15, 3, 0, 0, 0),
(15, 4, 0, 0, 0),
(15, 5, -1, 0, 0),
(15, 6, -1, 0, 0),
(15, 7, -1, 0, 0),
(15, 8, 1, 0, 0),
(15, 9, -1, 0, 0),
(15, 10, 1, 0, 0),
(15, 11, -1, 0, 0),
(15, 12, 1, 0, 0),
(15, 13, -1, 0, 0),
(15, 15, -1, 0, 0),
(16, 1, 1, 0, 0),
(16, 2, -1, 0, 0),
(16, 3, 1, 0, 0),
(16, 4, 0, 0, 0),
(16, 5, 1, 0, 0),
(16, 6, -1, 0, 0),
(16, 7, -1, 0, 0),
(16, 8, 0, 0, 0),
(16, 9, 1, 0, 0),
(16, 10, 1, 0, 0),
(16, 11, -1, 0, 0),
(16, 12, 1, 0, 0),
(16, 13, -1, 0, 0),
(16, 15, -1, 0, 0),
(17, 1, 0, 0, 0),
(17, 2, -1, 0, 0),
(17, 3, 0, 0, 0),
(17, 4, -1, 0, 0),
(17, 5, 1, 0, 0),
(17, 6, -1, 0, 0),
(17, 7, -1, 0, 0),
(17, 8, -1, 0, 0),
(17, 9, -1, 0, 0),
(17, 10, 1, 0, 0),
(17, 11, 1, 0, 0),
(17, 12, -1, 0, 0),
(17, 13, -1, 0, 0),
(17, 15, -1, 0, 0),
(18, 1, 1, 0, 0),
(18, 2, 1, 0, 0),
(18, 3, 1, 0, 0),
(18, 4, -1, 0, 0),
(18, 5, -1, 0, 0),
(18, 6, -1, 0, 0),
(18, 7, -1, 0, 0),
(18, 8, -1, 0, 0),
(18, 9, 1, 0, 0),
(18, 10, -1, 0, 0),
(18, 11, 1, 0, 0),
(18, 12, 1, 0, 0),
(18, 13, 0, 0, 0),
(18, 15, 1, 0, 0),
(19, 1, -1, 0, 0),
(19, 2, -1, 0, 0),
(19, 3, -1, 0, 0),
(19, 4, -1, 0, 0),
(19, 5, -1, 0, 0),
(19, 6, 1, 0, 0),
(19, 7, -1, 0, 0),
(19, 8, -1, 0, 0),
(19, 9, -1, 0, 0),
(19, 10, 1, 0, 0),
(19, 11, -1, 0, 0),
(19, 12, 1, 0, 0),
(19, 13, -1, 0, 0),
(19, 15, -1, 0, 0),
(20, 1, 0, 0, 0),
(20, 2, 0, 0, 0),
(20, 3, 1, 0, 0),
(20, 4, 1, 0, 0),
(20, 5, -1, 0, 0),
(20, 6, -1, 0, 0),
(20, 7, -1, 0, 0),
(20, 8, -1, 0, 0),
(20, 9, 1, 0, 0),
(20, 10, 1, 0, 0),
(20, 11, 0, 0, 0),
(20, 12, 1, 0, 0),
(20, 13, 0, 0, 0),
(20, 15, -1, 0, 0),
(21, 1, 0, 0, 0),
(21, 2, -1, 0, 0),
(21, 3, -1, 0, 0),
(21, 4, 0, 0, 0),
(21, 5, 1, 0, 0),
(21, 6, -1, 0, 0),
(21, 7, -1, 0, 0),
(21, 8, -1, 0, 0),
(21, 9, 1, 0, 0),
(21, 10, -1, 0, 0),
(21, 11, 1, 0, 0),
(21, 12, -1, 0, 0),
(21, 13, -1, 0, 0),
(21, 15, -1, 0, 0),
(22, 1, -1, 0, 0),
(22, 2, 1, 0, 0),
(22, 3, -1, 0, 0),
(22, 4, -1, 0, 0),
(22, 5, -1, 0, 0),
(22, 6, -1, 0, 0),
(22, 7, -1, 0, 0),
(22, 8, -1, 0, 0),
(22, 9, 1, 0, 0),
(22, 10, 1, 0, 0),
(22, 11, 0, 0, 0),
(22, 12, 1, 0, 0),
(22, 13, -1, 0, 0),
(22, 15, 1, 0, 0),
(23, 1, 0, 0, 0),
(23, 2, -1, 0, 0),
(23, 3, 1, 0, 0),
(23, 4, 1, 0, 0),
(23, 5, -1, 0, 0),
(23, 6, -1, 0, 0),
(23, 7, -1, 0, 0),
(23, 8, -1, 0, 0),
(23, 9, 0, 0, 0),
(23, 10, -1, 0, 0),
(23, 11, 1, 0, 0),
(23, 12, 1, 0, 0),
(23, 13, -1, 0, 0),
(23, 15, 1, 0, 0),
(24, 1, 0, 0, 0),
(24, 2, -1, 0, 0),
(24, 3, 1, 0, 0),
(24, 4, 1, 0, 0),
(24, 5, -1, 0, 0),
(24, 6, -1, 0, 0),
(24, 7, -1, 0, 0),
(24, 8, -1, 0, 0),
(24, 9, 1, 0, 0),
(24, 10, 1, 0, 0),
(24, 11, 0, 0, 0),
(24, 12, 1, 0, 0),
(24, 13, 1, 0, 0),
(24, 15, 1, 0, 0),
(25, 1, 0, 0, 0),
(25, 2, -1, 0, 0),
(25, 3, 1, 0, 0),
(25, 4, 0, 0, 0),
(25, 5, 1, 0, 0),
(25, 6, -1, 0, 0),
(25, 7, -1, 0, 0),
(25, 8, -1, 0, 0),
(25, 9, -1, 0, 0),
(25, 10, 1, 0, 0),
(25, 11, -1, 0, 0),
(25, 12, 1, 0, 0),
(25, 13, -1, 0, 0),
(25, 15, -1, 0, 0),
(26, 1, 1, 0, 0),
(26, 2, -1, 0, 0),
(26, 3, 0, 0, 0),
(26, 4, -1, 0, 0),
(26, 5, 1, 0, 0),
(26, 6, -1, 0, 0),
(26, 7, -1, 0, 0),
(26, 8, 0, 0, 0),
(26, 9, 0, 0, 0),
(26, 10, 1, 0, 0),
(26, 11, 0, 0, 0),
(26, 12, 1, 0, 0),
(26, 13, -1, 0, 0),
(26, 15, -1, 0, 0),
(27, 1, -1, 0, 0),
(27, 2, -1, 0, 0),
(27, 3, -1, 0, 0),
(27, 4, -1, 0, 0),
(27, 5, -1, 0, 0),
(27, 6, -1, 0, 0),
(27, 7, -1, 0, 0),
(27, 8, -1, 0, 0),
(27, 9, 1, 0, 0),
(27, 10, 1, 0, 0),
(27, 11, -1, 0, 0),
(27, 12, 1, 0, 0),
(27, 13, -1, 0, 0),
(27, 15, -1, 0, 0),
(28, 1, -1, 0, 0),
(28, 2, -1, 0, 0),
(28, 3, -1, 0, 0),
(28, 4, -1, 0, 0),
(28, 5, -1, 0, 0),
(28, 6, -1, 0, 0),
(28, 7, -1, 0, 0),
(28, 8, -1, 0, 0),
(28, 9, -1, 0, 0),
(28, 10, 1, 0, 0),
(28, 11, 1, 0, 0),
(28, 12, -1, 0, 0),
(28, 13, -1, 0, 0),
(28, 15, 1, 0, 0),
(29, 1, 0, 0, 0),
(29, 2, 1, 0, 0),
(29, 3, 1, 0, 0),
(29, 4, 1, 0, 0),
(29, 5, -1, 0, 0),
(29, 6, -1, 0, 0),
(29, 7, -1, 0, 0),
(29, 8, 0, 0, 0),
(29, 9, 1, 0, 0),
(29, 10, 1, 0, 0),
(29, 11, -1, 0, 0),
(29, 12, 1, 0, 0),
(29, 13, 1, 0, 0),
(29, 15, 1, 0, 0),
(30, 1, 0, 0, 0),
(30, 2, -1, 0, 0),
(30, 3, 1, 0, 0),
(30, 4, 0, 0, 0),
(30, 5, 1, 0, 0),
(30, 6, -1, 0, 0),
(30, 7, -1, 0, 0),
(30, 8, -1, 0, 0),
(30, 9, 0, 0, 0),
(30, 10, 1, 0, 0),
(30, 11, 1, 0, 0),
(30, 12, 1, 0, 0),
(30, 13, -1, 0, 0),
(30, 15, -1, 0, 0),
(31, 1, -1, 0, 0),
(31, 2, 1, 0, 0),
(31, 3, -1, 0, 0),
(31, 4, -1, 0, 0),
(31, 5, -1, 0, 0),
(31, 6, -1, 0, 0),
(31, 7, -1, 0, 0),
(31, 8, -1, 0, 0),
(31, 9, 1, 0, 0),
(31, 10, 1, 0, 0),
(31, 11, -1, 0, 0),
(31, 12, 1, 0, 0),
(31, 13, 1, 0, 0),
(31, 15, 1, 0, 0),
(32, 1, 0, 0, 0),
(32, 2, -1, 0, 0),
(32, 3, -1, 0, 0),
(32, 4, -1, 0, 0),
(32, 5, -1, 0, 0),
(32, 6, -1, 0, 0),
(32, 7, -1, 0, 0),
(32, 8, -1, 0, 0),
(32, 9, 1, 0, 0),
(32, 10, 1, 0, 0),
(32, 11, -1, 0, 0),
(32, 12, 1, 0, 0),
(32, 13, -1, 0, 0),
(32, 15, -1, 0, 0),
(33, 1, -1, 0, 0),
(33, 2, 1, 0, 0),
(33, 3, 0, 0, 0),
(33, 4, 0, 0, 0),
(33, 5, -1, 0, 0),
(33, 6, -1, 0, 0),
(33, 7, -1, 0, 0),
(33, 8, -1, 0, 0),
(33, 9, 1, 0, 0),
(33, 10, 1, 0, 0),
(33, 11, -1, 0, 0),
(33, 12, 1, 0, 0),
(33, 13, 0, 0, 0),
(33, 15, -1, 0, 0),
(34, 1, 0, 0, 0),
(34, 2, -1, 0, 0),
(34, 3, 0, 0, 0),
(34, 4, 1, 0, 0),
(34, 5, -1, 0, 0),
(34, 6, -1, 0, 0),
(34, 7, -1, 0, 0),
(34, 8, 0, 0, 0),
(34, 9, 1, 0, 0),
(34, 10, 1, 0, 0),
(34, 11, -1, 0, 0),
(34, 12, 1, 0, 0),
(34, 13, -1, 0, 0),
(34, 15, -1, 0, 0);
--